
R�capitulatif de mes index

Date de relev� de l'index;Type d'index;Index Heures creuses (kWh);Index Heures pleines (kWh)
12/05/2022;Index transmis par le distributeur;12758;15074
11/05/2022;Index transmis par le distributeur;12754;15071
10/05/2022;Index transmis par le distributeur;12749;15066
09/05/2022;Index transmis par le distributeur;12745;15063
08/05/2022;Index transmis par le distributeur;12740;15059
07/05/2022;Index transmis par le distributeur;12736;15053
06/05/2022;Index transmis par le distributeur;12731;15049
05/05/2022;Index transmis par le distributeur;12725;15043
04/05/2022;Index transmis par le distributeur;12722;15039
03/05/2022;Index transmis par le distributeur;12717;15034
02/05/2022;Index transmis par le distributeur;12712;15028
01/05/2022;Index transmis par le distributeur;12704;15023
30/04/2022;Index transmis par le distributeur;12699;15020
29/04/2022;Index transmis par le distributeur;12694;15014
28/04/2022;Index transmis par le distributeur;12691;15010
27/04/2022;Index transmis par le distributeur;12685;15006
26/04/2022;Index transmis par le distributeur;12681;15002
25/04/2022;Index transmis par le distributeur;12675;14992
24/04/2022;Index transmis par le distributeur;12671;14988
23/04/2022;Index transmis par le distributeur;12666;14982
22/04/2022;Index transmis par le distributeur;12661;14978
21/04/2022;Index transmis par le distributeur;12658;14975
20/04/2022;Index transmis par le distributeur;12653;14969
19/04/2022;Index transmis par le distributeur;12648;14963
18/04/2022;Index transmis par le distributeur;12643;14957
17/04/2022;Index transmis par le distributeur;12637;14951
16/04/2022;Index transmis par le distributeur;12632;14944
15/04/2022;Index transmis par le distributeur;12623;14937
14/04/2022;Index transmis par le distributeur;12617;14930
13/04/2022;Index transmis par le distributeur;12608;14924
12/04/2022;Index transmis par le distributeur;12601;14915
11/04/2022;Index transmis par le distributeur;12593;14905
10/04/2022;Index transmis par le distributeur;12585;14897
09/04/2022;Index transmis par le distributeur;12580;14888
08/04/2022;Index transmis par le distributeur;12570;14876
07/04/2022;Index transmis par le distributeur;12565;14868
06/04/2022;Index transmis par le distributeur;12555;14853
05/04/2022;Index transmis par le distributeur;12547;14841
04/04/2022;Index transmis par le distributeur;12536;14821
03/04/2022;Index transmis par le distributeur;12527;14809
02/04/2022;Index transmis par le distributeur;12520;14793
01/04/2022;Index transmis par le distributeur;12511;14777
31/03/2022;Index transmis par le distributeur;12500;14767
30/03/2022;Index transmis par le distributeur;12489;14757
29/03/2022;Index transmis par le distributeur;12482;14749
28/03/2022;Index transmis par le distributeur;12477;14741
27/03/2022;Index transmis par le distributeur;12471;14734
26/03/2022;Index transmis par le distributeur;12465;14728
25/03/2022;Index transmis par le distributeur;12460;14721
24/03/2022;Index transmis par le distributeur;12454;14715
23/03/2022;Index transmis par le distributeur;12449;14709
22/03/2022;Index transmis par le distributeur;12443;14702
21/03/2022;Index transmis par le distributeur;12435;14694
20/03/2022;Index transmis par le distributeur;12427;14684
19/03/2022;Index transmis par le distributeur;12418;14673
18/03/2022;Index transmis par le distributeur;12411;14665
17/03/2022;Index transmis par le distributeur;12406;14658
16/03/2022;Index transmis par le distributeur;12399;14649
15/03/2022;Index transmis par le distributeur;12393;14642
14/03/2022;Index transmis par le distributeur;12384;14633
13/03/2022;Index transmis par le distributeur;12376;14623
12/03/2022;Index transmis par le distributeur;12368;14613
11/03/2022;Index transmis par le distributeur;12361;14602
10/03/2022;Index transmis par le distributeur;12354;14592
09/03/2022;Index transmis par le distributeur;12343;14579
08/03/2022;Index transmis par le distributeur;12331;14564
07/03/2022;Index transmis par le distributeur;12323;14550
06/03/2022;Index transmis par le distributeur;12312;14538
05/03/2022;Index transmis par le distributeur;12299;14526
04/03/2022;Index transmis par le distributeur;12291;14515
03/03/2022;Index transmis par le distributeur;12282;14504
02/03/2022;Index transmis par le distributeur;12272;14491
01/03/2022;Index transmis par le distributeur;12258;14472
28/02/2022;Index transmis par le distributeur;12248;14457
27/02/2022;Index transmis par le distributeur;12239;14446
26/02/2022;Index transmis par le distributeur;12224;14433
25/02/2022;Index transmis par le distributeur;12219;14421
24/02/2022;Index transmis par le distributeur;12205;14410
23/02/2022;Index transmis par le distributeur;12193;14398
22/02/2022;Index transmis par le distributeur;12180;14383
21/02/2022;Index transmis par le distributeur;12170;14370
20/02/2022;Index transmis par le distributeur;12156;14354
19/02/2022;Index transmis par le distributeur;12147;14337
18/02/2022;Index transmis par le distributeur;12136;14326
17/02/2022;Index transmis par le distributeur;12129;14317
16/02/2022;Index transmis par le distributeur;12121;14303
15/02/2022;Index transmis par le distributeur;12112;14290
14/02/2022;Index transmis par le distributeur;12103;14277
13/02/2022;Index transmis par le distributeur;12083;14260
12/02/2022;Index transmis par le distributeur;12071;14245
11/02/2022;Index transmis par le distributeur;12054;14230
10/02/2022;Index transmis par le distributeur;12040;14212
09/02/2022;Index transmis par le distributeur;12031;14196
08/02/2022;Index transmis par le distributeur;12016;14179
07/02/2022;Index transmis par le distributeur;12005;14166
06/02/2022;Index transmis par le distributeur;11992;14155
05/02/2022;Index transmis par le distributeur;11981;14138
04/02/2022;Index transmis par le distributeur;11967;14117
03/02/2022;Index transmis par le distributeur;11957;14101
02/02/2022;Index transmis par le distributeur;11942;14087
01/02/2022;Index transmis par le distributeur;11930;14073
31/01/2022;Index transmis par le distributeur;11920;14058
30/01/2022;Index transmis par le distributeur;11911;14046
29/01/2022;Index transmis par le distributeur;11897;14030
28/01/2022;Index transmis par le distributeur;11888;14013
27/01/2022;Index transmis par le distributeur;11874;13994
26/01/2022;Index transmis par le distributeur;11861;13972
25/01/2022;Index transmis par le distributeur;11850;13952
24/01/2022;Index transmis par le distributeur;11834;13932
23/01/2022;Index transmis par le distributeur;11818;13914
22/01/2022;Index transmis par le distributeur;11801;13899
21/01/2022;Index transmis par le distributeur;11789;13882
20/01/2022;Index transmis par le distributeur;11779;13865
19/01/2022;Index transmis par le distributeur;11768;13847
18/01/2022;Index transmis par le distributeur;11755;13826
17/01/2022;Index transmis par le distributeur;11742;13808
16/01/2022;Index transmis par le distributeur;11724;13786
15/01/2022;Index transmis par le distributeur;11712;13768
14/01/2022;Index transmis par le distributeur;11696;13747
13/01/2022;Index transmis par le distributeur;11683;13726
12/01/2022;Index transmis par le distributeur;11669;13701
11/01/2022;Index transmis par le distributeur;11655;13679
10/01/2022;Index transmis par le distributeur;11641;13655
09/01/2022;Index transmis par le distributeur;11627;13637
08/01/2022;Index transmis par le distributeur;11612;13612
07/01/2022;Index transmis par le distributeur;11598;13593
06/01/2022;Index transmis par le distributeur;11587;13575
05/01/2022;Index transmis par le distributeur;11575;13560
04/01/2022;Index transmis par le distributeur;11563;13544
03/01/2022;Index transmis par le distributeur;11551;13530
02/01/2022;Index transmis par le distributeur;11539;13517
01/01/2022;Index transmis par le distributeur;11523;13506
31/12/2021;Index transmis par le distributeur;11512;13493
30/12/2021;Index transmis par le distributeur;11500;13482
29/12/2021;Index transmis par le distributeur;11485;13462
28/12/2021;Index transmis par le distributeur;11470;13445
27/12/2021;Index transmis par le distributeur;11457;13425
26/12/2021;Index transmis par le distributeur;11445;13408
25/12/2021;Index transmis par le distributeur;11435;13393
24/12/2021;Index transmis par le distributeur;11415;13371
23/12/2021;Index transmis par le distributeur;11401;13344
22/12/2021;Index transmis par le distributeur;11386;13324
21/12/2021;Index transmis par le distributeur;11375;13308
20/12/2021;Index transmis par le distributeur;11363;13292
19/12/2021;Index transmis par le distributeur;11352;13273
18/12/2021;Index transmis par le distributeur;11339;13254
17/12/2021;Index transmis par le distributeur;11328;13240
16/12/2021;Index transmis par le distributeur;11320;13227
15/12/2021;Index transmis par le distributeur;11310;13213
14/12/2021;Index transmis par le distributeur;11301;13197
13/12/2021;Index transmis par le distributeur;11291;13180
12/12/2021;Index transmis par le distributeur;11279;13164
11/12/2021;Index transmis par le distributeur;11266;13142
10/12/2021;Index transmis par le distributeur;11252;13120
09/12/2021;Index transmis par le distributeur;11242;13105
08/12/2021;Index transmis par le distributeur;11229;13087
06/12/2021;Index transmis par le distributeur;11205;13054
05/12/2021;Index transmis par le distributeur;11193;13037
04/12/2021;Index transmis par le distributeur;11181;13016
03/12/2021;Index transmis par le distributeur;11166;12991
02/12/2021;Index transmis par le distributeur;11156;12975
01/12/2021;Index transmis par le distributeur;11145;12959
30/11/2021;Index transmis par le distributeur;11129;12945
29/11/2021;Index transmis par le distributeur;11117;12925
28/11/2021;Index transmis par le distributeur;11099;12906
27/11/2021;Index transmis par le distributeur;11088;12886
26/11/2021;Index transmis par le distributeur;11077;12870
25/11/2021;Index transmis par le distributeur;11067;12851
24/11/2021;Index transmis par le distributeur;11056;12836
23/11/2021;Index transmis par le distributeur;11046;12823
22/11/2021;Index transmis par le distributeur;11036;12807
21/11/2021;Index transmis par le distributeur;11028;12797
20/11/2021;Index transmis par le distributeur;11016;12783
19/11/2021;Index transmis par le distributeur;11008;12772
18/11/2021;Index transmis par le distributeur;10999;12760
17/11/2021;Index transmis par le distributeur;10989;12743
16/11/2021;Index transmis par le distributeur;10977;12728
15/11/2021;Index transmis par le distributeur;10969;12714
14/11/2021;Index transmis par le distributeur;10959;12703
13/11/2021;Index transmis par le distributeur;10950;12692
12/11/2021;Index transmis par le distributeur;10940;12680
11/11/2021;Index transmis par le distributeur;10932;12669
10/11/2021;Index transmis par le distributeur;10924;12656
09/11/2021;Index transmis par le distributeur;10917;12643
08/11/2021;Index transmis par le distributeur;10906;12628
07/11/2021;Index transmis par le distributeur;10899;12618
06/11/2021;Index transmis par le distributeur;10891;12604
05/11/2021;Index transmis par le distributeur;10883;12590
04/11/2021;Index transmis par le distributeur;10872;12577
03/11/2021;Index transmis par le distributeur;10867;12565
02/11/2021;Index transmis par le distributeur;10855;12554
01/11/2021;Index transmis par le distributeur;10848;12543
31/10/2021;Index transmis par le distributeur;10839;12527
30/10/2021;Index transmis par le distributeur;10824;12515
29/10/2021;Index transmis par le distributeur;10816;12503
28/10/2021;Index transmis par le distributeur;10808;12495
27/10/2021;Index transmis par le distributeur;10798;12486
26/10/2021;Index transmis par le distributeur;10790;12472
25/10/2021;Index transmis par le distributeur;10782;12464
24/10/2021;Index transmis par le distributeur;10772;12448
23/10/2021;Index transmis par le distributeur;10764;12435
22/10/2021;Index transmis par le distributeur;10758;12425
21/10/2021;Index transmis par le distributeur;10750;12416
20/10/2021;Index transmis par le distributeur;10743;12406
19/10/2021;Index transmis par le distributeur;10737;12400
18/10/2021;Index transmis par le distributeur;10728;12390
17/10/2021;Index transmis par le distributeur;10719;12377
16/10/2021;Index transmis par le distributeur;10712;12364
15/10/2021;Index transmis par le distributeur;10704;12355
14/10/2021;Index transmis par le distributeur;10698;12345
13/10/2021;Index transmis par le distributeur;10692;12335
12/10/2021;Index transmis par le distributeur;10686;12325
11/10/2021;Index transmis par le distributeur;10680;12314
10/10/2021;Index transmis par le distributeur;10672;12302
09/10/2021;Index transmis par le distributeur;10666;12295
08/10/2021;Index transmis par le distributeur;10657;12288
07/10/2021;Index transmis par le distributeur;10650;12283
06/10/2021;Index transmis par le distributeur;10640;12275
05/10/2021;Index transmis par le distributeur;10631;12263
04/10/2021;Index transmis par le distributeur;10626;12252
03/10/2021;Index transmis par le distributeur;10619;12238
02/10/2021;Index transmis par le distributeur;10611;12228
01/10/2021;Index transmis par le distributeur;10604;12217
30/09/2021;Index transmis par le distributeur;10597;12210
29/09/2021;Index transmis par le distributeur;10591;12205
28/09/2021;Index transmis par le distributeur;10584;12202
27/09/2021;Index transmis par le distributeur;10579;12197
26/09/2021;Index transmis par le distributeur;10569;12192
25/09/2021;Index transmis par le distributeur;10563;12187
24/09/2021;Index transmis par le distributeur;10557;12182
23/09/2021;Index transmis par le distributeur;10553;12175
22/09/2021;Index transmis par le distributeur;10548;12172
21/09/2021;Index transmis par le distributeur;10543;12169
20/09/2021;Index transmis par le distributeur;10535;12164
19/09/2021;Index transmis par le distributeur;10530;12158
18/09/2021;Index transmis par le distributeur;10523;12154
17/09/2021;Index transmis par le distributeur;10518;12150
16/09/2021;Index transmis par le distributeur;10512;12149
15/09/2021;Index transmis par le distributeur;10505;12143
14/09/2021;Index transmis par le distributeur;10499;12137
13/09/2021;Index transmis par le distributeur;10492;12135
12/09/2021;Index transmis par le distributeur;10484;12131
11/09/2021;Index transmis par le distributeur;10479;12124
10/09/2021;Index transmis par le distributeur;10474;12120
09/09/2021;Index transmis par le distributeur;10469;12116
08/09/2021;Index transmis par le distributeur;10464;12114
07/09/2021;Index transmis par le distributeur;10460;12109
06/09/2021;Index transmis par le distributeur;10452;12105
05/09/2021;Index transmis par le distributeur;10447;12100
04/09/2021;Index transmis par le distributeur;10440;12096
03/09/2021;Index transmis par le distributeur;10435;12089
02/09/2021;Index transmis par le distributeur;10429;12087
01/09/2021;Index transmis par le distributeur;10425;12079
31/08/2021;Index transmis par le distributeur;10420;12073
30/08/2021;Index transmis par le distributeur;10412;12070
29/08/2021;Index transmis par le distributeur;10407;12061
28/08/2021;Index transmis par le distributeur;10402;12057
27/08/2021;Index transmis par le distributeur;10397;12053
26/08/2021;Index transmis par le distributeur;10392;12049
25/08/2021;Index transmis par le distributeur;10386;12045
24/08/2021;Index transmis par le distributeur;10381;12043
23/08/2021;Index transmis par le distributeur;10374;12033
22/08/2021;Index transmis par le distributeur;10361;12025
21/08/2021;Index transmis par le distributeur;10360;12018
20/08/2021;Index transmis par le distributeur;10358;12015
19/08/2021;Index transmis par le distributeur;10357;12013
18/08/2021;Index transmis par le distributeur;10356;12011
17/08/2021;Index transmis par le distributeur;10355;12008
16/08/2021;Index transmis par le distributeur;10354;12006
15/08/2021;Index transmis par le distributeur;10353;12004
14/08/2021;Index transmis par le distributeur;10352;12001
13/08/2021;Index transmis par le distributeur;10350;11999
12/08/2021;Index transmis par le distributeur;10349;11997
11/08/2021;Index transmis par le distributeur;10348;11994
10/08/2021;Index transmis par le distributeur;10347;11992
09/08/2021;Index transmis par le distributeur;10346;11990
08/08/2021;Index transmis par le distributeur;10345;11988
07/08/2021;Index transmis par le distributeur;10343;11984
06/08/2021;Index transmis par le distributeur;10335;11979
05/08/2021;Index transmis par le distributeur;10333;11971
04/08/2021;Index transmis par le distributeur;10330;11968
03/08/2021;Index transmis par le distributeur;10328;11966
02/08/2021;Index transmis par le distributeur;10326;11964
01/08/2021;Index transmis par le distributeur;10324;11962
31/07/2021;Index transmis par le distributeur;10317;11960
30/07/2021;Index transmis par le distributeur;10310;11951
29/07/2021;Index transmis par le distributeur;10307;11948
28/07/2021;Index transmis par le distributeur;10302;11942
27/07/2021;Index transmis par le distributeur;10295;11940
26/07/2021;Index transmis par le distributeur;10288;11933
25/07/2021;Index transmis par le distributeur;10283;11930
24/07/2021;Index transmis par le distributeur;10278;11926
23/07/2021;Index transmis par le distributeur;10275;11924
22/07/2021;Index transmis par le distributeur;10272;11922
21/07/2021;Index transmis par le distributeur;10268;11919
20/07/2021;Index transmis par le distributeur;10265;11916
19/07/2021;Index transmis par le distributeur;10260;11913
18/07/2021;Index transmis par le distributeur;10257;11910
17/07/2021;Index transmis par le distributeur;10251;11908
16/07/2021;Index transmis par le distributeur;10248;11904
15/07/2021;Index transmis par le distributeur;10241;11902
14/07/2021;Index transmis par le distributeur;10236;11893
13/07/2021;Index transmis par le distributeur;10231;11889
12/07/2021;Index transmis par le distributeur;10224;11883
11/07/2021;Index transmis par le distributeur;10220;11882
10/07/2021;Index transmis par le distributeur;10214;11876
09/07/2021;Index transmis par le distributeur;10208;11870
08/07/2021;Index transmis par le distributeur;10202;11866
07/07/2021;Index transmis par le distributeur;10197;11862
06/07/2021;Index transmis par le distributeur;10193;11862
05/07/2021;Index transmis par le distributeur;10186;11853
04/07/2021;Index transmis par le distributeur;10177;11847
03/07/2021;Index transmis par le distributeur;10169;11842
02/07/2021;Index transmis par le distributeur;10166;11839
01/07/2021;Index transmis par le distributeur;10161;11839
30/06/2021;Index transmis par le distributeur;10155;11830
29/06/2021;Index transmis par le distributeur;10150;11826
28/06/2021;Index transmis par le distributeur;10143;11822
27/06/2021;Index transmis par le distributeur;10135;11817
26/06/2021;Index transmis par le distributeur;10128;11815
25/06/2021;Index transmis par le distributeur;10123;11805
24/06/2021;Index transmis par le distributeur;10116;11798
22/06/2021;Index transmis par le distributeur;10103;11791
21/06/2021;Index transmis par le distributeur;10098;11783
20/06/2021;Index transmis par le distributeur;10095;11781
19/06/2021;Index transmis par le distributeur;10090;11776
18/06/2021;Index transmis par le distributeur;10087;11774
17/06/2021;Index transmis par le distributeur;10084;11772
16/06/2021;Index transmis par le distributeur;10078;11769
15/06/2021;Index transmis par le distributeur;10075;11767
14/06/2021;Index transmis par le distributeur;10072;11764
13/06/2021;Index transmis par le distributeur;10067;11761
12/06/2021;Index transmis par le distributeur;10062;11757
11/06/2021;Index transmis par le distributeur;10056;11755
10/06/2021;Index transmis par le distributeur;10052;11750
09/06/2021;Index transmis par le distributeur;10048;11745
08/06/2021;Index transmis par le distributeur;10043;11739
07/06/2021;Index transmis par le distributeur;10039;11734
06/06/2021;Index transmis par le distributeur;10034;11728
05/06/2021;Index transmis par le distributeur;10027;11721
04/06/2021;Index transmis par le distributeur;10022;11714
03/06/2021;Index transmis par le distributeur;10018;11710
02/06/2021;Index transmis par le distributeur;10013;11704
01/06/2021;Index transmis par le distributeur;10009;11698
31/05/2021;Index transmis par le distributeur;10005;11691
30/05/2021;Index transmis par le distributeur;10001;11686
29/05/2021;Index transmis par le distributeur;9996;11681
28/05/2021;Index transmis par le distributeur;9990;11674
27/05/2021;Index transmis par le distributeur;9986;11668
26/05/2021;Index transmis par le distributeur;9979;11656
25/05/2021;Index transmis par le distributeur;9972;11647
24/05/2021;Index transmis par le distributeur;9967;11635
23/05/2021;Index transmis par le distributeur;9962;11626
22/05/2021;Index transmis par le distributeur;9955;11614
21/05/2021;Index transmis par le distributeur;9949;11606
20/05/2021;Index transmis par le distributeur;9942;11596
19/05/2021;Index transmis par le distributeur;9937;11587
18/05/2021;Index transmis par le distributeur;9932;11580
17/05/2021;Index transmis par le distributeur;9927;11572
16/05/2021;Index transmis par le distributeur;9919;11564
15/05/2021;Index transmis par le distributeur;9910;11556
14/05/2021;Index transmis par le distributeur;9901;11549
13/05/2021;Index transmis par le distributeur;9895;11543
12/05/2021;Index transmis par le distributeur;9890;11536
11/05/2021;Index transmis par le distributeur;9883;11529
10/05/2021;Index transmis par le distributeur;9877;11523
09/05/2021;Index transmis par le distributeur;9870;11515
08/05/2021;Index transmis par le distributeur;9860;11506
07/05/2021;Index transmis par le distributeur;9854;11496
06/05/2021;Index transmis par le distributeur;9847;11486
05/05/2021;Index transmis par le distributeur;9840;11478
04/05/2021;Index transmis par le distributeur;9833;11468
03/05/2021;Index transmis par le distributeur;9828;11456
01/05/2021;Index transmis par le distributeur;9815;11437
30/04/2021;Index transmis par le distributeur;9808;11428
29/04/2021;Index transmis par le distributeur;9802;11421
28/04/2021;Index transmis par le distributeur;9796;11413
27/04/2021;Index transmis par le distributeur;9789;11401
26/04/2021;Index transmis par le distributeur;9784;11394
25/04/2021;Index transmis par le distributeur;9778;11388
24/04/2021;Index transmis par le distributeur;9772;11380
23/04/2021;Index transmis par le distributeur;9767;11375
22/04/2021;Index transmis par le distributeur;9760;11369
21/04/2021;Index transmis par le distributeur;9756;11364
20/04/2021;Index transmis par le distributeur;9752;11354
19/04/2021;Index transmis par le distributeur;9747;11348
18/04/2021;Index transmis par le distributeur;9741;11342
17/04/2021;Index transmis par le distributeur;9735;11333
16/04/2021;Index transmis par le distributeur;9724;11319
15/04/2021;Index transmis par le distributeur;9715;11305
14/04/2021;Index transmis par le distributeur;9703;11286
13/04/2021;Index transmis par le distributeur;9690;11267
12/04/2021;Index transmis par le distributeur;9677;11249
11/04/2021;Index transmis par le distributeur;9665;11231
10/04/2021;Index transmis par le distributeur;9656;11214
09/04/2021;Index transmis par le distributeur;9644;11199
08/04/2021;Index transmis par le distributeur;9633;11180
07/04/2021;Index transmis par le distributeur;9619;11159
06/04/2021;Index transmis par le distributeur;9603;11135
05/04/2021;Index transmis par le distributeur;9593;11119
04/04/2021;Index transmis par le distributeur;9582;11101
03/04/2021;Index transmis par le distributeur;9572;11088
02/04/2021;Index transmis par le distributeur;9558;11076
01/04/2021;Index transmis par le distributeur;9553;11068
31/03/2021;Index transmis par le distributeur;9543;11059
30/03/2021;Index transmis par le distributeur;9537;11052
29/03/2021;Index transmis par le distributeur;9527;11043
28/03/2021;Index transmis par le distributeur;9518;11031
27/03/2021;Index transmis par le distributeur;9505;11018
27/03/2021;Index transmis par le distributeur;9505;11018
26/03/2021;Index transmis par le distributeur;9494;11006
25/03/2021;Index transmis par le distributeur;9484;10997
24/03/2021;Index transmis par le distributeur;9476;10987
23/03/2021;Index transmis par le distributeur;9467;10974
22/03/2021;Index transmis par le distributeur;9450;10954
21/03/2021;Index transmis par le distributeur;9434;10936
20/03/2021;Index transmis par le distributeur;9424;10921
19/03/2021;Index transmis par le distributeur;9411;10906
18/03/2021;Index transmis par le distributeur;9399;10887
17/03/2021;Index transmis par le distributeur;9390;10870
16/03/2021;Index transmis par le distributeur;9375;10851
15/03/2021;Index transmis par le distributeur;9364;10834
14/03/2021;Index transmis par le distributeur;9354;10817
13/03/2021;Index transmis par le distributeur;9342;10804
12/03/2021;Index transmis par le distributeur;9329;10785
11/03/2021;Index transmis par le distributeur;9318;10771
10/03/2021;Index transmis par le distributeur;9302;10748
09/03/2021;Index transmis par le distributeur;9290;10730
08/03/2021;Index transmis par le distributeur;9277;10710
07/03/2021;Index transmis par le distributeur;9266;10695
06/03/2021;Index transmis par le distributeur;9248;10679
05/03/2021;Index transmis par le distributeur;9234;10664
04/03/2021;Index transmis par le distributeur;9219;10649
03/03/2021;Index transmis par le distributeur;9205;10636
02/03/2021;Index transmis par le distributeur;9186;10620
01/03/2021;Index transmis par le distributeur;9180;10608
28/02/2021;Index transmis par le distributeur;9168;10592
27/02/2021;Index transmis par le distributeur;9157;10580
26/02/2021;Index transmis par le distributeur;9147;10569
25/02/2021;Index transmis par le distributeur;9140;10561
24/02/2021;Index transmis par le distributeur;9131;10553
23/02/2021;Index transmis par le distributeur;9120;10544
22/02/2021;Index transmis par le distributeur;9110;10531
21/02/2021;Index transmis par le distributeur;9096;10519
20/02/2021;Index transmis par le distributeur;9088;10506
19/02/2021;Index transmis par le distributeur;9077;10487
18/02/2021;Index transmis par le distributeur;9065;10469
17/02/2021;Index transmis par le distributeur;9052;10452
16/02/2021;Index transmis par le distributeur;9036;10433
15/02/2021;Index transmis par le distributeur;9016;10405
14/02/2021;Index transmis par le distributeur;8997;10372
13/02/2021;Index transmis par le distributeur;8968;10335
12/02/2021;Index transmis par le distributeur;8948;10294
11/02/2021;Index transmis par le distributeur;8926;10260
10/02/2021;Index transmis par le distributeur;8904;10225
09/02/2021;Index transmis par le distributeur;8886;10191
08/02/2021;Index transmis par le distributeur;8868;10159
07/02/2021;Index transmis par le distributeur;8856;10135
06/02/2021;Index transmis par le distributeur;8846;10119
05/02/2021;Index transmis par le distributeur;8830;10100
04/02/2021;Index transmis par le distributeur;8818;10082
03/02/2021;Index transmis par le distributeur;8803;10063
02/02/2021;Index transmis par le distributeur;8792;10046
01/02/2021;Index transmis par le distributeur;8778;10021
31/01/2021;Index transmis par le distributeur;8765;10001
30/01/2021;Index transmis par le distributeur;8756;9984
29/01/2021;Index transmis par le distributeur;8746;9968
28/01/2021;Index transmis par le distributeur;8735;9950
27/01/2021;Index transmis par le distributeur;8717;9923
26/01/2021;Index transmis par le distributeur;8703;9897
25/01/2021;Index transmis par le distributeur;8685;9874
24/01/2021;Index transmis par le distributeur;8671;9849
23/01/2021;Index transmis par le distributeur;8657;9824
22/01/2021;Index transmis par le distributeur;8647;9802
21/01/2021;Index transmis par le distributeur;8633;9783
20/01/2021;Index transmis par le distributeur;8621;9764
19/01/2021;Index transmis par le distributeur;8605;9738
18/01/2021;Index transmis par le distributeur;8589;9714
17/01/2021;Index transmis par le distributeur;8571;9688
16/01/2021;Index transmis par le distributeur;8553;9656
15/01/2021;Index transmis par le distributeur;8537;9628
14/01/2021;Index transmis par le distributeur;8524;9606
13/01/2021;Index transmis par le distributeur;8510;9583
12/01/2021;Index transmis par le distributeur;8497;9559
11/01/2021;Index transmis par le distributeur;8479;9533
10/01/2021;Index transmis par le distributeur;8462;9508
09/01/2021;Index transmis par le distributeur;8449;9474
08/01/2021;Index transmis par le distributeur;8433;9445
07/01/2021;Index transmis par le distributeur;8418;9417
06/01/2021;Index transmis par le distributeur;8402;9393
05/01/2021;Index transmis par le distributeur;8386;9369
04/01/2021;Index transmis par le distributeur;8371;9343
03/01/2021;Index transmis par le distributeur;8358;9318
02/01/2021;Index transmis par le distributeur;8343;9289
01/01/2021;Index transmis par le distributeur;8328;9270
31/12/2020;Index transmis par le distributeur;8310;9241
30/12/2020;Index transmis par le distributeur;8294;9218
29/12/2020;Index transmis par le distributeur;8282;9202
28/12/2020;Index transmis par le distributeur;8268;9179
27/12/2020;Index transmis par le distributeur;8255;9163
26/12/2020;Index transmis par le distributeur;8237;9146
25/12/2020;Index transmis par le distributeur;8226;9134
24/12/2020;Index transmis par le distributeur;8214;9119
23/12/2020;Index transmis par le distributeur;8204;9109
22/12/2020;Index transmis par le distributeur;8194;9098
21/12/2020;Index transmis par le distributeur;8177;9082
20/12/2020;Index transmis par le distributeur;8164;9069
19/12/2020;Index transmis par le distributeur;8153;9055
18/12/2020;Index transmis par le distributeur;8141;9038
17/12/2020;Index transmis par le distributeur;8131;9027
16/12/2020;Index transmis par le distributeur;8118;9014
15/12/2020;Index transmis par le distributeur;8108;9003
14/12/2020;Index transmis par le distributeur;8097;8991
13/12/2020;Index transmis par le distributeur;8084;8971
12/12/2020;Index transmis par le distributeur;8070;8952
11/12/2020;Index transmis par le distributeur;8054;8934
10/12/2020;Index transmis par le distributeur;8034;8908
09/12/2020;Index transmis par le distributeur;8016;8881
08/12/2020;Index transmis par le distributeur;8000;8856
07/12/2020;Index transmis par le distributeur;7985;8828
06/12/2020;Index transmis par le distributeur;7967;8806
05/12/2020;Index transmis par le distributeur;7949;8778
04/12/2020;Index transmis par le distributeur;7936;8758
03/12/2020;Index transmis par le distributeur;7922;8738
02/12/2020;Index transmis par le distributeur;7908;8721
01/12/2020;Index transmis par le distributeur;7895;8704
30/11/2020;Index transmis par le distributeur;7879;8684
29/11/2020;Index transmis par le distributeur;7862;8660
28/11/2020;Index transmis par le distributeur;7850;8643
27/11/2020;Index transmis par le distributeur;7836;8628
26/11/2020;Index transmis par le distributeur;7817;8607
25/11/2020;Index transmis par le distributeur;7805;8591
24/11/2020;Index transmis par le distributeur;7792;8578
23/11/2020;Index transmis par le distributeur;7781;8564
22/11/2020;Index transmis par le distributeur;7770;8551
21/11/2020;Index transmis par le distributeur;7758;8536
20/11/2020;Index transmis par le distributeur;7749;8525
19/11/2020;Index transmis par le distributeur;7740;8510
18/11/2020;Index transmis par le distributeur;7732;8499
17/11/2020;Index transmis par le distributeur;7723;8486
16/11/2020;Index transmis par le distributeur;7710;8473
15/11/2020;Index transmis par le distributeur;7700;8463
14/11/2020;Index transmis par le distributeur;7692;8452
13/11/2020;Index transmis par le distributeur;7677;8436
12/11/2020;Index transmis par le distributeur;7667;8426
11/11/2020;Index transmis par le distributeur;7658;8416
10/11/2020;Index transmis par le distributeur;7650;8406
09/11/2020;Index transmis par le distributeur;7639;8397
08/11/2020;Index transmis par le distributeur;7629;8385
07/11/2020;Index transmis par le distributeur;7619;8371
06/11/2020;Index transmis par le distributeur;7608;8357
05/11/2020;Index transmis par le distributeur;7595;8347
04/11/2020;Index transmis par le distributeur;7585;8333
03/11/2020;Index transmis par le distributeur;7572;8323
02/11/2020;Index transmis par le distributeur;7564;8313
01/11/2020;Index transmis par le distributeur;7549;8303
31/10/2020;Index transmis par le distributeur;7539;8293
30/10/2020;Index transmis par le distributeur;7529;8283
29/10/2020;Index transmis par le distributeur;7517;8272
28/10/2020;Index transmis par le distributeur;7507;8261
27/10/2020;Index transmis par le distributeur;7494;8247
25/10/2020;Index transmis par le distributeur;7474;8224
24/10/2020;Index transmis par le distributeur;7468;8215
23/10/2020;Index transmis par le distributeur;7460;8206
22/10/2020;Index transmis par le distributeur;7453;8199
21/10/2020;Index transmis par le distributeur;7444;8189
20/10/2020;Index transmis par le distributeur;7430;8177
19/10/2020;Index transmis par le distributeur;7414;8164
18/10/2020;Index transmis par le distributeur;7405;8150
17/10/2020;Index transmis par le distributeur;7396;8136
16/10/2020;Index transmis par le distributeur;7387;8122
15/10/2020;Index transmis par le distributeur;7376;8108
14/10/2020;Index transmis par le distributeur;7366;8095
13/10/2020;Index transmis par le distributeur;7358;8082
12/10/2020;Index transmis par le distributeur;7347;8072
11/10/2020;Index transmis par le distributeur;7338;8061
10/10/2020;Index transmis par le distributeur;7330;8047
09/10/2020;Index transmis par le distributeur;7323;8036
08/10/2020;Index transmis par le distributeur;7310;8020
07/10/2020;Index transmis par le distributeur;7302;8009
06/10/2020;Index transmis par le distributeur;7293;7995
05/10/2020;Index transmis par le distributeur;7281;7980
04/10/2020;Index transmis par le distributeur;7272;7969
03/10/2020;Index transmis par le distributeur;7263;7957
02/10/2020;Index transmis par le distributeur;7251;7942
01/10/2020;Index transmis par le distributeur;7244;7932
30/09/2020;Index transmis par le distributeur;7234;7921
29/09/2020;Index transmis par le distributeur;7227;7908
28/09/2020;Index transmis par le distributeur;7217;7895
27/09/2020;Index transmis par le distributeur;7209;7884
26/09/2020;Index transmis par le distributeur;7202;7869
25/09/2020;Index transmis par le distributeur;7192;7857
24/09/2020;Index transmis par le distributeur;7186;7851
23/09/2020;Index transmis par le distributeur;7175;7842
22/09/2020;Index transmis par le distributeur;7167;7835
21/09/2020;Index transmis par le distributeur;7160;7829
20/09/2020;Index transmis par le distributeur;7151;7824
19/09/2020;Index transmis par le distributeur;7144;7817
18/09/2020;Index transmis par le distributeur;7138;7812
17/09/2020;Index transmis par le distributeur;7131;7807
16/09/2020;Index transmis par le distributeur;7125;7802
15/09/2020;Index transmis par le distributeur;7119;7797
14/09/2020;Index transmis par le distributeur;7114;7790
13/09/2020;Index transmis par le distributeur;7106;7784
12/09/2020;Index transmis par le distributeur;7098;7778
11/09/2020;Index transmis par le distributeur;7090;7773
10/09/2020;Index transmis par le distributeur;7083;7769
09/09/2020;Index transmis par le distributeur;7077;7764
08/09/2020;Index transmis par le distributeur;7070;7759
07/09/2020;Index transmis par le distributeur;7063;7751
06/09/2020;Index transmis par le distributeur;7053;7744
05/09/2020;Index transmis par le distributeur;7048;7736
04/09/2020;Index transmis par le distributeur;7043;7728
03/09/2020;Index transmis par le distributeur;7036;7720
02/09/2020;Index transmis par le distributeur;7029;7712
01/09/2020;Index transmis par le distributeur;7020;7700
31/08/2020;Index transmis par le distributeur;7010;7688
30/08/2020;Index transmis par le distributeur;7008;7679
29/08/2020;Index transmis par le distributeur;7006;7676
28/08/2020;Index transmis par le distributeur;7004;7672
27/08/2020;Index transmis par le distributeur;7002;7669
26/08/2020;Index transmis par le distributeur;6995;7665
25/08/2020;Index transmis par le distributeur;6987;7658
24/08/2020;Index transmis par le distributeur;6980;7653
23/08/2020;Index transmis par le distributeur;6975;7649
22/08/2020;Index transmis par le distributeur;6966;7642
21/08/2020;Index transmis par le distributeur;6961;7639
20/08/2020;Index transmis par le distributeur;6958;7636
19/08/2020;Index transmis par le distributeur;6950;7632
18/08/2020;Index transmis par le distributeur;6944;7627
17/08/2020;Index transmis par le distributeur;6938;7623
16/08/2020;Index transmis par le distributeur;6932;7619
15/08/2020;Index transmis par le distributeur;6923;7614
14/08/2020;Index transmis par le distributeur;6916;7609
13/08/2020;Index transmis par le distributeur;6910;7605
12/08/2020;Index transmis par le distributeur;6903;7600
11/08/2020;Index transmis par le distributeur;6895;7595
10/08/2020;Index transmis par le distributeur;6890;7588
09/08/2020;Index transmis par le distributeur;6882;7583
08/08/2020;Index transmis par le distributeur;6876;7579
07/08/2020;Index transmis par le distributeur;6870;7575
06/08/2020;Index transmis par le distributeur;6864;7570
05/08/2020;Index transmis par le distributeur;6858;7565
04/08/2020;Index transmis par le distributeur;6851;7560
03/08/2020;Index transmis par le distributeur;6842;7551
02/08/2020;Index transmis par le distributeur;6833;7547
01/08/2020;Index transmis par le distributeur;6828;7544
31/07/2020;Index transmis par le distributeur;6823;7540
30/07/2020;Index transmis par le distributeur;6817;7536
29/07/2020;Index transmis par le distributeur;6809;7530
28/07/2020;Index transmis par le distributeur;6803;7527
27/07/2020;Index transmis par le distributeur;6798;7520
26/07/2020;Index transmis par le distributeur;6791;7516
25/07/2020;Index transmis par le distributeur;6787;7512
24/07/2020;Index transmis par le distributeur;6780;7508
23/07/2020;Index transmis par le distributeur;6775;7503
22/07/2020;Index transmis par le distributeur;6768;7498
21/07/2020;Index transmis par le distributeur;6761;7492
20/07/2020;Index transmis par le distributeur;6754;7487
19/07/2020;Index transmis par le distributeur;6749;7483
18/07/2020;Index transmis par le distributeur;6740;7478
17/07/2020;Index transmis par le distributeur;6732;7471
16/07/2020;Index transmis par le distributeur;6725;7463
15/07/2020;Index transmis par le distributeur;6718;7457
14/07/2020;Index transmis par le distributeur;6711;7451
13/07/2020;Index transmis par le distributeur;6706;7444
12/07/2020;Index transmis par le distributeur;6700;7438
11/07/2020;Index transmis par le distributeur;6693;7432
10/07/2020;Index transmis par le distributeur;6687;7427
09/07/2020;Index transmis par le distributeur;6677;7419
08/07/2020;Index transmis par le distributeur;6668;7409
07/07/2020;Index transmis par le distributeur;6662;7403
06/07/2020;Index transmis par le distributeur;6652;7396
05/07/2020;Index transmis par le distributeur;6646;7389
04/07/2020;Index transmis par le distributeur;6640;7382
03/07/2020;Index transmis par le distributeur;6632;7378
02/07/2020;Index transmis par le distributeur;6626;7372
01/07/2020;Index transmis par le distributeur;6621;7366
30/06/2020;Index transmis par le distributeur;6616;7361
29/06/2020;Index transmis par le distributeur;6609;7358
28/06/2020;Index transmis par le distributeur;6604;7354
27/06/2020;Index transmis par le distributeur;6596;7349
26/06/2020;Index transmis par le distributeur;6592;7346
25/06/2020;Index transmis par le distributeur;6586;7342
24/06/2020;Index transmis par le distributeur;6580;7338
23/06/2020;Index transmis par le distributeur;6575;7333
22/06/2020;Index transmis par le distributeur;6569;7327
21/06/2020;Index transmis par le distributeur;6562;7316
20/06/2020;Index transmis par le distributeur;6555;7308
19/06/2020;Index transmis par le distributeur;6549;7301
18/06/2020;Index transmis par le distributeur;6540;7291
17/06/2020;Index transmis par le distributeur;6534;7281
16/06/2020;Index transmis par le distributeur;6528;7276
15/06/2020;Index transmis par le distributeur;6521;7271
14/06/2020;Index transmis par le distributeur;6514;7266
13/06/2020;Index transmis par le distributeur;6505;7261
12/06/2020;Index transmis par le distributeur;6497;7253
11/06/2020;Index transmis par le distributeur;6490;7246
10/06/2020;Index transmis par le distributeur;6482;7237
09/06/2020;Index transmis par le distributeur;6474;7228
08/06/2020;Index transmis par le distributeur;6466;7215
07/06/2020;Index transmis par le distributeur;6459;7208
06/06/2020;Index transmis par le distributeur;6450;7194
05/06/2020;Index transmis par le distributeur;6444;7189
04/06/2020;Index transmis par le distributeur;6438;7183
03/06/2020;Index transmis par le distributeur;6433;7179
02/06/2020;Index transmis par le distributeur;6426;7176
01/06/2020;Index transmis par le distributeur;6418;7172
31/05/2020;Index transmis par le distributeur;6410;7168
30/05/2020;Index transmis par le distributeur;6404;7159
29/05/2020;Index transmis par le distributeur;6397;7155
28/05/2020;Index transmis par le distributeur;6391;7149
27/05/2020;Index transmis par le distributeur;6385;7144
26/05/2020;Index transmis par le distributeur;6378;7137
25/05/2020;Index transmis par le distributeur;6369;7131
24/05/2020;Index transmis par le distributeur;6361;7125
23/05/2020;Index transmis par le distributeur;6354;7119
22/05/2020;Index transmis par le distributeur;6348;7116
21/05/2020;Index transmis par le distributeur;6339;7111
20/05/2020;Index transmis par le distributeur;6328;7105
19/05/2020;Index transmis par le distributeur;6321;7098
18/05/2020;Index transmis par le distributeur;6312;7089
17/05/2020;Index transmis par le distributeur;6303;7077
16/05/2020;Index transmis par le distributeur;6293;7062
15/05/2020;Index transmis par le distributeur;6282;7045
14/05/2020;Index transmis par le distributeur;6270;7024
13/05/2020;Index transmis par le distributeur;6257;6999
12/05/2020;Index transmis par le distributeur;6246;6984
11/05/2020;Index transmis par le distributeur;6236;6969
10/05/2020;Index transmis par le distributeur;6227;6962
09/05/2020;Index transmis par le distributeur;6218;6955
08/05/2020;Index transmis par le distributeur;6209;6946
07/05/2020;Index transmis par le distributeur;6199;6935
06/05/2020;Index transmis par le distributeur;6189;6921
05/05/2020;Index transmis par le distributeur;6177;6904
04/05/2020;Index transmis par le distributeur;6166;6887
03/05/2020;Index transmis par le distributeur;6154;6870
02/05/2020;Index transmis par le distributeur;6140;6851
01/05/2020;Index transmis par le distributeur;6129;6832
30/04/2020;Index transmis par le distributeur;6118;6814
29/04/2020;Index transmis par le distributeur;6101;6788
28/04/2020;Index transmis par le distributeur;6096;6766
27/04/2020;Index transmis par le distributeur;6092;6760
26/04/2020;Index transmis par le distributeur;6089;6751
25/04/2020;Index transmis par le distributeur;6086;6745
24/04/2020;Index transmis par le distributeur;6080;6740
23/04/2020;Index transmis par le distributeur;6070;6733
22/04/2020;Index transmis par le distributeur;6061;6725
21/04/2020;Index transmis par le distributeur;6053;6717
20/04/2020;Index transmis par le distributeur;6044;6708
19/04/2020;Index transmis par le distributeur;6036;6696
18/04/2020;Index transmis par le distributeur;6024;6684
17/04/2020;Index transmis par le distributeur;6015;6675
16/04/2020;Index transmis par le distributeur;6003;6667
15/04/2020;Index transmis par le distributeur;5994;6657
14/04/2020;Index transmis par le distributeur;5986;6645
13/04/2020;Index transmis par le distributeur;5978;6639
12/04/2020;Index transmis par le distributeur;5970;6633
11/04/2020;Index transmis par le distributeur;5962;6627
10/04/2020;Index transmis par le distributeur;5954;6622
09/04/2020;Index transmis par le distributeur;5947;6617
08/04/2020;Index transmis par le distributeur;5938;6610
07/04/2020;Index transmis par le distributeur;5930;6603
06/04/2020;Index transmis par le distributeur;5919;6595
05/04/2020;Index transmis par le distributeur;5912;6586
04/04/2020;Index transmis par le distributeur;5902;6577
03/04/2020;Index transmis par le distributeur;5894;6566
02/04/2020;Index transmis par le distributeur;5884;6552
01/04/2020;Index transmis par le distributeur;5874;6542
31/03/2020;Index transmis par le distributeur;5860;6529
30/03/2020;Index transmis par le distributeur;5849;6517
29/03/2020;Index transmis par le distributeur;5839;6505
28/03/2020;Index transmis par le distributeur;5830;6494
27/03/2020;Index transmis par le distributeur;5818;6483
26/03/2020;Index transmis par le distributeur;5809;6471
25/03/2020;Index transmis par le distributeur;5798;6460
24/03/2020;Index transmis par le distributeur;5786;6446
23/03/2020;Index transmis par le distributeur;5774;6434
22/03/2020;Index transmis par le distributeur;5764;6420
21/03/2020;Index transmis par le distributeur;5753;6408
20/03/2020;Index transmis par le distributeur;5744;6397
19/03/2020;Index transmis par le distributeur;5736;6385
18/03/2020;Index transmis par le distributeur;5726;6378
17/03/2020;Index transmis par le distributeur;5717;6368
16/03/2020;Index transmis par le distributeur;5707;6358
15/03/2020;Index transmis par le distributeur;5698;6346
14/03/2020;Index transmis par le distributeur;5688;6334
13/03/2020;Index transmis par le distributeur;5677;6324
12/03/2020;Index transmis par le distributeur;5668;6314
11/03/2020;Index transmis par le distributeur;5657;6306
10/03/2020;Index transmis par le distributeur;5647;6296
09/03/2020;Index transmis par le distributeur;5637;6285
08/03/2020;Index transmis par le distributeur;5626;6273
07/03/2020;Index transmis par le distributeur;5615;6258
06/03/2020;Index transmis par le distributeur;5603;6247
05/03/2020;Index transmis par le distributeur;5594;6237
04/03/2020;Index transmis par le distributeur;5580;6225
03/03/2020;Index transmis par le distributeur;5567;6211
02/03/2020;Index transmis par le distributeur;5552;6195
01/03/2020;Index transmis par le distributeur;5532;6168
29/02/2020;Index transmis par le distributeur;5520;6141
28/02/2020;Index transmis par le distributeur;5496;6116
27/02/2020;Index transmis par le distributeur;5480;6095
26/02/2020;Index transmis par le distributeur;5466;6080
25/02/2020;Index transmis par le distributeur;5454;6068
24/02/2020;Index transmis par le distributeur;5443;6059
23/02/2020;Index transmis par le distributeur;5433;6043
22/02/2020;Index transmis par le distributeur;5417;6029
21/02/2020;Index transmis par le distributeur;5401;6007
20/02/2020;Index transmis par le distributeur;5384;5992
19/02/2020;Index transmis par le distributeur;5371;5979
18/02/2020;Index transmis par le distributeur;5356;5962
17/02/2020;Index transmis par le distributeur;5343;5950
16/02/2020;Index transmis par le distributeur;5331;5939
15/02/2020;Index transmis par le distributeur;5319;5923
14/02/2020;Index transmis par le distributeur;5304;5906
13/02/2020;Index transmis par le distributeur;5291;5893
12/02/2020;Index transmis par le distributeur;5278;5879
11/02/2020;Index transmis par le distributeur;5264;5863
10/02/2020;Index transmis par le distributeur;5251;5849
09/02/2020;Index transmis par le distributeur;5237;5832
08/02/2020;Index transmis par le distributeur;5221;5817
07/02/2020;Index transmis par le distributeur;5207;5796
06/02/2020;Index transmis par le distributeur;5193;5782
05/02/2020;Index transmis par le distributeur;5180;5766
04/02/2020;Index transmis par le distributeur;5166;5751
03/02/2020;Index transmis par le distributeur;5155;5742
02/02/2020;Index transmis par le distributeur;5145;5731
01/02/2020;Index transmis par le distributeur;5135;5720
31/01/2020;Index transmis par le distributeur;5122;5707
30/01/2020;Index transmis par le distributeur;5108;5692
29/01/2020;Index transmis par le distributeur;5094;5674
28/01/2020;Index transmis par le distributeur;5077;5660
27/01/2020;Index transmis par le distributeur;5064;5646
26/01/2020;Index transmis par le distributeur;5045;5626
25/01/2020;Index transmis par le distributeur;5025;5599
24/01/2020;Index transmis par le distributeur;5009;5574
23/01/2020;Index transmis par le distributeur;4992;5551
22/01/2020;Index transmis par le distributeur;4971;5528
21/01/2020;Index transmis par le distributeur;4953;5507
20/01/2020;Index transmis par le distributeur;4932;5487
19/01/2020;Index transmis par le distributeur;4918;5469
18/01/2020;Index transmis par le distributeur;4907;5452
17/01/2020;Index transmis par le distributeur;4892;5439
16/01/2020;Index transmis par le distributeur;4878;5424
15/01/2020;Index transmis par le distributeur;4863;5411
14/01/2020;Index transmis par le distributeur;4852;5399
13/01/2020;Index transmis par le distributeur;4840;5385
12/01/2020;Index transmis par le distributeur;4826;5370
11/01/2020;Index transmis par le distributeur;4812;5352
10/01/2020;Index transmis par le distributeur;4805;5340
09/01/2020;Index transmis par le distributeur;4796;5328
08/01/2020;Index transmis par le distributeur;4781;5319
07/01/2020;Index transmis par le distributeur;4766;5304
06/01/2020;Index transmis par le distributeur;4754;5288
05/01/2020;Index transmis par le distributeur;4741;5272
04/01/2020;Index transmis par le distributeur;4728;5257
03/01/2020;Index transmis par le distributeur;4709;5242
02/01/2020;Index transmis par le distributeur;4692;5219
01/01/2020;Index transmis par le distributeur;4675;5196
31/12/2019;Index transmis par le distributeur;4657;5172
30/12/2019;Index transmis par le distributeur;4641;5150
29/12/2019;Index transmis par le distributeur;4626;5131
28/12/2019;Index transmis par le distributeur;4611;5116
27/12/2019;Index transmis par le distributeur;4591;5102
26/12/2019;Index transmis par le distributeur;4569;5082
25/12/2019;Index transmis par le distributeur;4556;5066
24/12/2019;Index transmis par le distributeur;4541;5049
23/12/2019;Index transmis par le distributeur;4524;5033
22/12/2019;Index transmis par le distributeur;4509;5017
21/12/2019;Index transmis par le distributeur;4495;4999
20/12/2019;Index transmis par le distributeur;4485;4989
19/12/2019;Index transmis par le distributeur;4475;4975
18/12/2019;Index transmis par le distributeur;4461;4962
17/12/2019;Index transmis par le distributeur;4450;4949
16/12/2019;Index transmis par le distributeur;4435;4933
15/12/2019;Index transmis par le distributeur;4423;4918
14/12/2019;Index transmis par le distributeur;4409;4903
13/12/2019;Index transmis par le distributeur;4394;4886
12/12/2019;Index transmis par le distributeur;4379;4861
11/12/2019;Index transmis par le distributeur;4363;4846
10/12/2019;Index transmis par le distributeur;4343;4820
09/12/2019;Index transmis par le distributeur;4329;4803
08/12/2019;Index transmis par le distributeur;4316;4790
07/12/2019;Index transmis par le distributeur;4302;4771
06/12/2019;Index transmis par le distributeur;4281;4747
05/12/2019;Index transmis par le distributeur;4262;4719
04/12/2019;Index transmis par le distributeur;4240;4696
03/12/2019;Index transmis par le distributeur;4222;4672
02/12/2019;Index transmis par le distributeur;4206;4649
01/12/2019;Index transmis par le distributeur;4189;4624
30/11/2019;Index transmis par le distributeur;4179;4607
29/11/2019;Index transmis par le distributeur;4169;4594
28/11/2019;Index transmis par le distributeur;4160;4584
27/11/2019;Index transmis par le distributeur;4150;4575
26/11/2019;Index transmis par le distributeur;4137;4562
25/11/2019;Index transmis par le distributeur;4124;4549
24/11/2019;Index transmis par le distributeur;4111;4536
23/11/2019;Index transmis par le distributeur;4099;4521
22/11/2019;Index transmis par le distributeur;4084;4503
21/11/2019;Index transmis par le distributeur;4066;4479
20/11/2019;Index transmis par le distributeur;4043;4454
19/11/2019;Index transmis par le distributeur;4028;4434
18/11/2019;Index transmis par le distributeur;4013;4416
17/11/2019;Index transmis par le distributeur;4000;4400
16/11/2019;Index transmis par le distributeur;3988;4380
15/11/2019;Index transmis par le distributeur;3968;4360
14/11/2019;Index transmis par le distributeur;3953;4343
13/11/2019;Index transmis par le distributeur;3938;4330
12/11/2019;Index transmis par le distributeur;3918;4312
11/11/2019;Index transmis par le distributeur;3901;4295
10/11/2019;Index transmis par le distributeur;3886;4277
09/11/2019;Index transmis par le distributeur;3874;4262
08/11/2019;Index transmis par le distributeur;3861;4246
07/11/2019;Index transmis par le distributeur;3851;4234
06/11/2019;Index transmis par le distributeur;3840;4225
05/11/2019;Index transmis par le distributeur;3829;4216
04/11/2019;Index transmis par le distributeur;3818;4208
03/11/2019;Index transmis par le distributeur;3808;4198
02/11/2019;Index transmis par le distributeur;3795;4188
01/11/2019;Index transmis par le distributeur;3784;4179
31/10/2019;Index transmis par le distributeur;3770;4162
30/10/2019;Index transmis par le distributeur;3759;4151
29/10/2019;Index transmis par le distributeur;3748;4139
28/10/2019;Index transmis par le distributeur;3737;4128
27/10/2019;Index transmis par le distributeur;3730;4120
28/09/2019;Index transmis par le distributeur;3492;3879
28/08/2019;Index transmis par le distributeur;3274;3701
29/07/2019;Index transmis par le distributeur;3156;3590
28/07/2019;Index transmis par le distributeur;3156;3590
28/06/2019;Index transmis par le distributeur;2987;3471
28/05/2019;Index transmis par le distributeur;2786;3316

